<?xml version="1.0" encoding="UTF-8" standalone="no"?>
<raConfiguration version="9">
  <generalSettings>
    <option key="#Board#" value="board.ra8e1fpb" />
    <option key="CPU" value="RA8E1" />
    <option key="Core" value="CM85" />
    <option key="#TargetName#" value="R7FA8E1AFDCFB" />
    <option key="#TargetARCHITECTURE#" value="cortex-m85" />
    <option key="#DeviceCommand#" value="R7FA8E1AF" />
    <option key="#RTOS#" value="_none" />
    <option key="#pinconfiguration#" value="R7FA8E1AFDCFB.pincfg" />
    <option key="#FSPVersion#" value="5.7.0" />
    <option key="#ConfigurationFragments#" value="Renesas##BSP##Board##ra8e1_fpb##" />
    <option key="#SELECTED_TOOLCHAIN#" value="gcc-arm-embedded" />
    <option key="#ToolchainVersion#" value="13.2.1.arm-13-7" />
  </generalSettings>
  <raBspConfiguration>
    <config id="config.bsp.ra8e1.R7FA8E1AFDCFB">
      <property id="config.bsp.part_number" value="config.bsp.part_number.value" />
      <property id="config.bsp.rom_size_bytes" value="config.bsp.rom_size_bytes.value" />
      <property id="config.bsp.rom_size_bytes_hidden" value="1048576" />
      <property id="config.bsp.ram_size_bytes" value="config.bsp.ram_size_bytes.value" />
      <property id="config.bsp.data_flash_size_bytes" value="config.bsp.data_flash_size_bytes.value" />
      <property id="config.bsp.package_style" value="config.bsp.package_style.value" />
      <property id="config.bsp.package_pins" value="config.bsp.package_pins.value" />
      <property id="config.bsp.irq_count_hidden" value="96" />
    </config>
    <config id="config.bsp.ra8e1">
      <property id="config.bsp.series" value="config.bsp.series.value" />
    </config>
    <config id="config.bsp.ra8e1.fsp">
      <property id="config.bsp.fsp.inline_irq_functions" value="config.bsp.common.inline_irq_functions.enabled" />
      <property id="config.bsp.fsp.tz.exception_response" value="config.bsp.fsp.tz.exception_response.nmi" />
      <property id="config.bsp.fsp.tz.cmsis.bfhfnmins" value="config.bsp.fsp.tz.cmsis.bfhfnmins.secure" />
      <property id="config.bsp.fsp.tz.cmsis.sysresetreqs" value="config.bsp.fsp.tz.cmsis.sysresetreqs.secure_only" />
      <property id="config.bsp.fsp.tz.cmsis.s_priority_boost" value="config.bsp.fsp.tz.cmsis.s_priority_boost.disabled" />
      <property id="config.bsp.fsp.tz.rstsar" value="config.bsp.fsp.tz.rstsar.both" />
      <property id="config.bsp.fsp.tz.bbfsar" value="config.bsp.fsp.tz.bbfsar.both" />
      <property id="config.bsp.fsp.tz.sramsar.sramsa1" value="config.bsp.fsp.tz.sramsar.sramsa1.both" />
      <property id="config.bsp.fsp.tz.sramsar.stbramsa" value="config.bsp.fsp.tz.sramsar.stbramsa.both" />
      <property id="config.bsp.fsp.tz.bussara" value="config.bsp.fsp.tz.bussara.both" />
      <property id="config.bsp.fsp.tz.bussarb" value="config.bsp.fsp.tz.bussarb.both" />
      <property id="config.bsp.fsp.tz.banksel_sel" value="config.bsp.fsp.tz.banksel_sel.both" />
      <property id="config.bsp.fsp.tz.uninitialized_ns_application_fallback" value="config.bsp.fsp.tz.uninitialized_ns_application_fallback.enabled" />
      <property id="config.bsp.fsp.OFS0.iwdt_start_mode" value="config.bsp.fsp.OFS0.iwdt_start_mode.disabled" />
      <property id="config.bsp.fsp.OFS0.iwdt_timeout" value="config.bsp.fsp.OFS0.iwdt_timeout.2048" />
      <property id="config.bsp.fsp.OFS0.iwdt_divisor" value="config.bsp.fsp.OFS0.iwdt_divisor.128" />
      <property id="config.bsp.fsp.OFS0.iwdt_window_end" value="config.bsp.fsp.OFS0.iwdt_window_end.0" />
      <property id="config.bsp.fsp.OFS0.iwdt_window_start" value="config.bsp.fsp.OFS0.iwdt_window_start.100" />
      <property id="config.bsp.fsp.OFS0.iwdt_reset_interrupt" value="config.bsp.fsp.OFS0.iwdt_reset_interrupt.Reset" />
      <property id="config.bsp.fsp.OFS0.iwdt_stop_control" value="config.bsp.fsp.OFS0.iwdt_stop_control.stops" />
      <property id="config.bsp.fsp.OFS0.wdt_start_mode" value="config.bsp.fsp.OFS0.wdt_start_mode.register" />
      <property id="config.bsp.fsp.OFS0.wdt_timeout" value="config.bsp.fsp.OFS0.wdt_timeout.16384" />
      <property id="config.bsp.fsp.OFS0.wdt_divisor" value="config.bsp.fsp.OFS0.wdt_divisor.128" />
      <property id="config.bsp.fsp.OFS0.wdt_window_end" value="config.bsp.fsp.OFS0.wdt_window_end.0" />
      <property id="config.bsp.fsp.OFS0.wdt_window_start" value="config.bsp.fsp.OFS0.wdt_window_start.100" />
      <property id="config.bsp.fsp.OFS0.wdt_reset_interrupt" value="config.bsp.fsp.OFS0.wdt_reset_interrupt.Reset" />
      <property id="config.bsp.fsp.OFS0.wdt_stop_control" value="config.bsp.fsp.OFS0.wdt_stop_control.stops" />
      <property id="config.bsp.fsp.OFS1_SEL.voltage_detection0_level" value="config.bsp.fsp.OFS1_SEL.voltage_detection0_level.secure" />
      <property id="config.bsp.fsp.OFS1_SEL.voltage_detection0.start" value="config.bsp.fsp.OFS1_SEL.voltage_detection0.start.secure" />
      <property id="config.bsp.fsp.OFS1_SEL.voltage_detection0.low_power_consumption" value="config.bsp.fsp.OFS1_SEL.voltage_detection0.low_power_consumption.secure" />
      <property id="config.bsp.fsp.OFS1_SEL.swdbg" value="config.bsp.fsp.OFS1_SEL.swdbg.secure" />
      <property id="config.bsp.fsp.OFS1_SEL.initeccen" value="config.bsp.fsp.OFS1_SEL.initeccen.secure" />
      <property id="config.bsp.fsp.OFS1.voltage_detection0.start" value="config.bsp.fsp.OFS1.voltage_detection0.start.disabled" />
      <property id="config.bsp.fsp.OFS1.voltage_detection0_level" value="config.bsp.fsp.OFS1.voltage_detection0_level.160" />
      <property id="config.bsp.fsp.OFS1.voltage_detection0.low_power_consumption" value="config.bsp.fsp.OFS1.voltage_detection0.low_power_consumption.disabled" />
      <property id="config.bsp.fsp.OFS1.hoco_osc" value="config.bsp.fsp.OFS1.hoco_osc.disabled" />
      <property id="config.bsp.fsp.OFS1.swdbg" value="config.bsp.fsp.OFS1.swdbg.disabled" />
      <property id="config.bsp.fsp.OFS1.initeccen" value="config.bsp.fsp.OFS1.initeccen.disabled" />
      <property id="config.bsp.fsp.OFS2.dcdc" value="config.bsp.fsp.OFS2.dcdc.enabled" />
      <property id="config.bsp.fsp.BPS.BPS0" value="" />
      <property id="config.bsp.fsp.BPS.BPS1" value="" />
      <property id="config.bsp.fsp.BPS.BPS2" value="" />
      <property id="config.bsp.fsp.PBPS.PBPS0" value="" />
      <property id="config.bsp.fsp.PBPS.PBPS1" value="" />
      <property id="config.bsp.fsp.PBPS.PBPS2" value="" />
      <property id="config.bsp.fsp.dual_bank" value="config.bsp.fsp.dual_bank.disabled" />
      <property id="config.bsp.fsp.hoco_fll" value="config.bsp.fsp.hoco_fll.disabled" />
      <property id="config.bsp.fsp.clock_settling_delay" value="config.bsp.fsp.clock_settling_delay.enabled" />
      <property id="config.bsp.fsp.sleep_mode_delays" value="config.bsp.fsp.sleep_mode_delays.enabled" />
      <property id="config.bsp.fsp.rtos_idle_sleep" value="config.bsp.fsp.rtos_idle_sleep.disabled" />
      <property id="config.bsp.fsp.mstp_change_delays" value="config.bsp.fsp.mstp_change_delays.enabled" />
      <property id="config.bsp.fsp.settling_delay_us" value="150" />
      <property id="config.bsp.common.main_osc_wait" value="config.bsp.common.main_osc_wait.wait_8163" />
      <property id="config.bsp.fsp.mcu.adc.max_freq_hz" value="60000000" />
      <property id="config.bsp.fsp.mcu.adc.sensors_are_exclusive" value="0" />
      <property id="config.bsp.fsp.mcu.sci_b_uart.max_baud" value="30000000" />
      <property id="config.bsp.fsp.mcu.sci_b_uart.ctspen_channels" value="0x021F" />
      <property id="config.bsp.fsp.mcu.adc.sample_and_hold" value="1" />
      <property id="config.bsp.fsp.mcu.sci_spi.max_bitrate" value="30000000" />
      <property id="config.bsp.fsp.mcu.spi.max_bitrate" value="60000000" />
      <property id="config.bsp.fsp.mcu.iic_master.rate.rate_fastplus" value="1" />
      <property id="config.bsp.fsp.mcu.iic_master.fastplus_channels" value="0x3" />
      <property id="config.bsp.fsp.mcu.iic_slave.rate.rate_fastplus" value="1" />
      <property id="config.bsp.fsp.mcu.iic_slave.fastplus_channels" value="0x3" />
      <property id="config.bsp.fsp.mcu.gpt.pin_count_source_channels" value="0x3C3F" />
      <property id="config.bsp.fsp.mcu.canfd.num_channels" value="2" />
      <property id="config.bsp.fsp.mcu.canfd.rx_fifos" value="2" />
      <property id="config.bsp.fsp.mcu.canfd.buffer_ram" value="1216" />
      <property id="config.bsp.fsp.mcu.canfd.afl_rules" value="32" />
      <property id="config.bsp.fsp.mcu.canfd.afl_rules_each_chnl" value="16" />
      <property id="config.bsp.fsp.mcu.canfd.max_data_rate_hz" value="8" />
      <property id="config.bsp.fsp.mcu.adc_dmac.samples_per_channel" value="32767" />
      <property id="config.bsp.fsp.mcu.sci_b_lin.max_baud" value="7500000" />
      <property id="config.bsp.fsp.dcache" value="config.bsp.fsp.dcache.disabled" />
    </config>
    <config id="config.bsp.ra">
      <property id="config.bsp.common.main" value="0x400" />
      <property id="config.bsp.common.heap" value="0" />
      <property id="config.bsp.common.vcc" value="3300" />
      <property id="config.bsp.common.checking" value="config.bsp.common.checking.disabled" />
      <property id="config.bsp.common.assert" value="config.bsp.common.assert.none" />
      <property id="config.bsp.common.error_log" value="config.bsp.common.error_log.none" />
      <property id="config.bsp.common.soft_reset" value="config.bsp.common.soft_reset.disabled" />
      <property id="config.bsp.common.main_osc_populated" value="config.bsp.common.main_osc_populated.disabled" />
      <property id="config.bsp.common.pfs_protect" value="config.bsp.common.pfs_protect.enabled" />
      <property id="config.bsp.common.c_runtime_init" value="config.bsp.common.c_runtime_init.enabled" />
      <property id="config.bsp.common.early_init" value="config.bsp.common.early_init.disabled" />
      <property id="config.bsp.common.main_osc_clock_source" value="config.bsp.common.main_osc_clock_source.crystal" />
      <property id="config.bsp.common.subclock_populated" value="config.bsp.common.subclock_populated.enabled" />
      <property id="config.bsp.common.subclock_drive" value="config.bsp.common.subclock_drive.standard" />
      <property id="config.bsp.common.subclock_stabilization_ms" value="1000" />
    </config>
  </raBspConfiguration>
  <raClockConfiguration>
    <node id="board.clock.xtal.freq" mul="20000000" option="_edit" />
    <node id="board.clock.hoco.freq" option="board.clock.hoco.freq.20m" />
    <node id="board.clock.loco.freq" option="board.clock.loco.freq.32768" />
    <node id="board.clock.moco.freq" option="board.clock.moco.freq.8m" />
    <node id="board.clock.subclk.freq" option="board.clock.subclk.freq.32768" />
    <node id="board.clock.pll.source" option="board.clock.pll.source.hoco" />
    <node id="board.clock.pll.div" option="board.clock.pll.div.2" />
    <node id="board.clock.pll.mul" option="board.clock.pll.mul.72_00" />
    <node id="board.clock.pll.display" option="board.clock.pll.display.value" />
    <node id="board.clock.pll1p.div" option="board.clock.pll1p.div.2" />
    <node id="board.clock.pll1p.display" option="board.clock.pll1p.display.value" />
    <node id="board.clock.pll1q.div" option="board.clock.pll1q.div.2" />
    <node id="board.clock.pll1q.display" option="board.clock.pll1q.display.value" />
    <node id="board.clock.pll1r.div" option="board.clock.pll1r.div.2" />
    <node id="board.clock.pll1r.display" option="board.clock.pll1r.display.value" />
    <node id="board.clock.pll2.source" option="board.clock.pll2.source.disabled" />
    <node id="board.clock.pll2.div" option="board.clock.pll2.div.2" />
    <node id="board.clock.pll2.mul" option="board.clock.pll2.mul.96_00" />
    <node id="board.clock.pll2.display" option="board.clock.pll2.display.value" />
    <node id="board.clock.pll2p.div" option="board.clock.pll2p.div.2" />
    <node id="board.clock.pll2p.display" option="board.clock.pll2p.display.value" />
    <node id="board.clock.pll2q.div" option="board.clock.pll2q.div.2" />
    <node id="board.clock.pll2q.display" option="board.clock.pll2q.display.value" />
    <node id="board.clock.pll2r.div" option="board.clock.pll2r.div.2" />
    <node id="board.clock.pll2r.display" option="board.clock.pll2r.display.value" />
    <node id="board.clock.clock.source" option="board.clock.clock.source.pll1p" />
    <node id="board.clock.clkout.source" option="board.clock.clkout.source.disabled" />
    <node id="board.clock.sciclk.source" option="board.clock.sciclk.source.disabled" />
    <node id="board.clock.spiclk.source" option="board.clock.spiclk.source.disabled" />
    <node id="board.clock.canfdclk.source" option="board.clock.canfdclk.source.disabled" />
    <node id="board.clock.uck.source" option="board.clock.uck.source.disabled" />
    <node id="board.clock.octaspiclk.source" option="board.clock.octaspiclk.source.disabled" />
    <node id="board.clock.cpuclk.div" option="board.clock.cpuclk.div.1" />
    <node id="board.clock.iclk.div" option="board.clock.iclk.div.3" />
    <node id="board.clock.pclka.div" option="board.clock.pclka.div.3" />
    <node id="board.clock.pclkb.div" option="board.clock.pclkb.div.6" />
    <node id="board.clock.pclkc.div" option="board.clock.pclkc.div.6" />
    <node id="board.clock.pclkd.div" option="board.clock.pclkd.div.3" />
    <node id="board.clock.pclke.div" option="board.clock.pclke.div.3" />
    <node id="board.clock.bclk.div" option="board.clock.bclk.div.12" />
    <node id="board.clock.fclk.div" option="board.clock.fclk.div.6" />
    <node id="board.clock.clkout.div" option="board.clock.clkout.div.1" />
    <node id="board.clock.sciclk.div" option="board.clock.sciclk.div.4" />
    <node id="board.clock.spiclk.div" option="board.clock.spiclk.div.4" />
    <node id="board.clock.canfdclk.div" option="board.clock.canfdclk.div.8" />
    <node id="board.clock.uck.div" option="board.clock.uck.div.5" />
    <node id="board.clock.octaspiclk.div" option="board.clock.octaspiclk.div.4" />
    <node id="board.clock.cpuclk.display" option="board.clock.cpuclk.display.value" />
    <node id="board.clock.iclk.display" option="board.clock.iclk.display.value" />
    <node id="board.clock.pclka.display" option="board.clock.pclka.display.value" />
    <node id="board.clock.pclkb.display" option="board.clock.pclkb.display.value" />
    <node id="board.clock.pclkc.display" option="board.clock.pclkc.display.value" />
    <node id="board.clock.pclkd.display" option="board.clock.pclkd.display.value" />
    <node id="board.clock.pclke.display" option="board.clock.pclke.display.value" />
    <node id="board.clock.bclk.display" option="board.clock.bclk.display.value" />
    <node id="board.clock.fclk.display" option="board.clock.fclk.display.value" />
    <node id="board.clock.clkout.display" option="board.clock.clkout.display.value" />
    <node id="board.clock.sciclk.display" option="board.clock.sciclk.display.value" />
    <node id="board.clock.spiclk.display" option="board.clock.spiclk.display.value" />
    <node id="board.clock.canfdclk.display" option="board.clock.canfdclk.display.value" />
    <node id="board.clock.uck.display" option="board.clock.uck.display.value" />
    <node id="board.clock.octaspiclk.display" option="board.clock.octaspiclk.display.value" />
  </raClockConfiguration>
  <raComponentSelection>
    <component apiversion="" class="BSP" condition="" group="Board" subgroup="ra8e1_fpb" variant="" vendor="Renesas" version="5.7.0">
      <description>RA8E1-FPB Board Support Files</description>
      <originalPack>Renesas.RA_board_ra8e1_fpb.5.7.0.pack</originalPack>
    </component>
    <component apiversion="" class="BSP" condition="" group="ra8e1" subgroup="device" variant="R7FA8E1AFDCFB" vendor="Renesas" version="5.7.0">
      <description>Board support package for R7FA8E1AFDCFB</description>
      <originalPack>Renesas.RA_mcu_ra8e1.5.7.0.pack</originalPack>
    </component>
    <component apiversion="" class="BSP" condition="" group="ra8e1" subgroup="device" variant="" vendor="Renesas" version="5.7.0">
      <description>Board support package for RA8E1</description>
      <originalPack>Renesas.RA_mcu_ra8e1.5.7.0.pack</originalPack>
    </component>
    <component apiversion="" class="BSP" condition="" group="ra8e1" subgroup="fsp" variant="" vendor="Renesas" version="5.7.0">
      <description>Board support package for RA8E1 - FSP Data</description>
      <originalPack>Renesas.RA_mcu_ra8e1.5.7.0.pack</originalPack>
    </component>
    <component apiversion="" class="BSP" condition="" group="ra8e1" subgroup="events" variant="" vendor="Renesas" version="5.7.0">
      <description>Board support package for RA8E1 - Events</description>
      <originalPack>Renesas.RA_mcu_ra8e1.5.7.0.pack</originalPack>
    </component>
    <component apiversion="" class="CMSIS" condition="" group="CMSIS5" subgroup="CoreM" variant="" vendor="Arm" version="6.1.0+fsp.5.7.0">
      <description>Arm CMSIS Version 6 - Core (M)</description>
      <originalPack>Arm.CMSIS6.6.1.0+fsp.5.7.0.pack</originalPack>
    </component>
    <component apiversion="" class="Common" condition="" group="all" subgroup="fsp_common" variant="" vendor="Renesas" version="5.7.0">
      <description>Board Support Package Common Files</description>
      <originalPack>Renesas.RA.5.7.0.pack</originalPack>
    </component>
    <component apiversion="" class="HAL Drivers" condition="" group="all" subgroup="r_icu" variant="" vendor="Renesas" version="5.7.0">
      <description>External Interrupt</description>
      <originalPack>Renesas.RA.5.7.0.pack</originalPack>
    </component>
    <component apiversion="" class="HAL Drivers" condition="" group="all" subgroup="r_ioport" variant="" vendor="Renesas" version="5.7.0">
      <description>I/O Port</description>
      <originalPack>Renesas.RA.5.7.0.pack</originalPack>
    </component>
  </raComponentSelection>
  <raElcConfiguration />
  <raIcuConfiguration />
  <raModuleConfiguration>
    <module id="module.driver.ioport_on_ioport.0">
      <property id="module.driver.ioport.name" value="g_ioport" />
      <property id="module.driver.ioport.elc_trigger_ioport1" value="_disabled" />
      <property id="module.driver.ioport.elc_trigger_ioport2" value="_disabled" />
      <property id="module.driver.ioport.elc_trigger_ioport3" value="_disabled" />
      <property id="module.driver.ioport.elc_trigger_ioport4" value="_disabled" />
      <property id="module.driver.ioport.pincfg" value="g_bsp_pin_cfg" />
    </module>
    <module id="module.driver.external_irq_on_icu.89099565">
      <property id="module.driver.external_irq.name" value="g_external_irq13" />
      <property id="module.driver.external_irq.channel" value="13" />
      <property id="module.driver.external_irq.trigger" value="module.driver.external_irq.trigger.trig_rising" />
      <property id="module.driver.external_irq.filter_enable" value="module.driver.external_irq.filter_enable.false" />
      <property id="module.driver.external_irq.clock_source_div" value="module.driver.external_irq.clock_source_div.clock_source_div_by_64" />
      <property id="module.driver.external_irq.p_callback" value="callback_irq13_button" />
      <property id="module.driver.external_irq.ipl" value="board.icu.common.irq.priority12" />
    </module>
    <context id="_hal.0">
      <stack module="module.driver.ioport_on_ioport.0" />
      <stack module="module.driver.external_irq_on_icu.89099565" />
    </context>
    <config id="config.driver.ioport">
      <property id="config.driver.ioport.checking" value="config.driver.ioport.checking.system" />
    </config>
    <config id="config.driver.icu">
      <property id="config.driver.icu.param_checking_enable" value="config.driver.icu.param_checking_enable.bsp" />
    </config>
  </raModuleConfiguration>
  <raPinConfiguration>
    <symbolicName propertyId="p001.symbolic_name" value="Arduino_A3" />
    <symbolicName propertyId="p003.symbolic_name" value="Arduino_A1" />
    <symbolicName propertyId="p004.symbolic_name" value="Arduino_A0" />
    <symbolicName propertyId="p006.symbolic_name" value="PMOD1_IRQ" />
    <symbolicName propertyId="p007.symbolic_name" value="Arduino_A2" />
    <symbolicName propertyId="p009.symbolic_name" value="USER_SW" />
    <symbolicName propertyId="p010.symbolic_name" value="PMOD2_IRQ" />
    <symbolicName propertyId="p014.symbolic_name" value="Arduino_A4" />
    <symbolicName propertyId="p015.symbolic_name" value="Arduino_A5" />
    <symbolicName propertyId="p101.symbolic_name" value="JLINK_VCOM_RXD" />
    <symbolicName propertyId="p102.symbolic_name" value="JLINK_VCOM_TXD" />
    <symbolicName propertyId="p103.symbolic_name" value="JLINK_VCOM_CTS_RTS" />
    <symbolicName propertyId="p104.symbolic_name" value="JLINK_VCOM_CTS" />
    <symbolicName propertyId="p105.symbolic_name" value="Ardiuno_RST" />
    <symbolicName propertyId="p106.symbolic_name" value="PMOD2_RST" />
    <symbolicName propertyId="p107.symbolic_name" value="PMOD2_P9" />
    <symbolicName propertyId="p112.symbolic_name" value="Ardiuno_D9" />
    <symbolicName propertyId="p113.symbolic_name" value="Ardiuno_D6" />
    <symbolicName propertyId="p114.symbolic_name" value="Ardiuno_D5" />
    <symbolicName propertyId="p200.symbolic_name" value="NMI" />
    <symbolicName propertyId="p201.symbolic_name" value="MD" />
    <symbolicName propertyId="p202.symbolic_name" value="Arduino_D11" />
    <symbolicName propertyId="p203.symbolic_name" value="Arduino_D13" />
    <symbolicName propertyId="p204.symbolic_name" value="Arduino_D10" />
    <symbolicName propertyId="p208.symbolic_name" value="DEBUG_TDI" />
    <symbolicName propertyId="p209.symbolic_name" value="DEBUG_TDO" />
    <symbolicName propertyId="p210.symbolic_name" value="DEBUG_TMS" />
    <symbolicName propertyId="p211.symbolic_name" value="DEBUG_TCK" />
    <symbolicName propertyId="p212.symbolic_name" value="EXTAL" />
    <symbolicName propertyId="p213.symbolic_name" value="XTAL" />
    <symbolicName propertyId="p300.symbolic_name" value="Arduino_D2" />
    <symbolicName propertyId="p302.symbolic_name" value="Arduino_D7" />
    <symbolicName propertyId="p303.symbolic_name" value="Arduino_D8" />
    <symbolicName propertyId="p309.symbolic_name" value="Arduino_D0" />
    <symbolicName propertyId="p310.symbolic_name" value="Arduino_D1" />
    <symbolicName propertyId="p313.symbolic_name" value="Arduino_D12" />
    <symbolicName propertyId="p400.symbolic_name" value="CAM_D0" />
    <symbolicName propertyId="p401.symbolic_name" value="CAM_D1" />
    <symbolicName propertyId="p403.symbolic_name" value="CAM_XCLK" />
    <symbolicName propertyId="p404.symbolic_name" value="LED_G2" />
    <symbolicName propertyId="p405.symbolic_name" value="CAM_D2" />
    <symbolicName propertyId="p406.symbolic_name" value="CAM_D3" />
    <symbolicName propertyId="p408.symbolic_name" value="LED_G1" />
    <symbolicName propertyId="p414.symbolic_name" value="CAM_E19" />
    <symbolicName propertyId="p415.symbolic_name" value="CAM_User_Arduino_D3" />
    <symbolicName propertyId="p511.symbolic_name" value="IIC_SYSTEM_SDA1" />
    <symbolicName propertyId="p512.symbolic_name" value="IIC_SYSTEM_SCL1" />
    <symbolicName propertyId="p604.symbolic_name" value="PMOD1_RST" />
    <symbolicName propertyId="p605.symbolic_name" value="PMOD1_P9" />
    <symbolicName propertyId="p609.symbolic_name" value="PMOD1_MOSI0_TXD0" />
    <symbolicName propertyId="p610.symbolic_name" value="PMOD1_MISOO_RXD0" />
    <symbolicName propertyId="p611.symbolic_name" value="PMOD1_SCK0" />
    <symbolicName propertyId="p612.symbolic_name" value="PMOD1_SS0_CTD_RTS0" />
    <symbolicName propertyId="p613.symbolic_name" value="PMOD1_CTS0" />
    <symbolicName propertyId="p614.symbolic_name" value="PMOD1_P10" />
    <symbolicName propertyId="p700.symbolic_name" value="CAM_D4" />
    <symbolicName propertyId="p701.symbolic_name" value="CAM_D5" />
    <symbolicName propertyId="p702.symbolic_name" value="CAM_D6" />
    <symbolicName propertyId="p703.symbolic_name" value="CAM_D7" />
    <symbolicName propertyId="p708.symbolic_name" value="CAM_CLK" />
    <symbolicName propertyId="p709.symbolic_name" value="CAM_HD" />
    <symbolicName propertyId="p710.symbolic_name" value="CAM_VD" />
    <symbolicName propertyId="p800.symbolic_name" value="PMOD2_CTS2" />
    <symbolicName propertyId="p801.symbolic_name" value="PMOD2_MOSI2_TXD2" />
    <symbolicName propertyId="p802.symbolic_name" value="PMOD2_MISO2_RXD2" />
    <symbolicName propertyId="p803.symbolic_name" value="PMOD2_SCK2" />
    <symbolicName propertyId="p804.symbolic_name" value="PMOD2_SS2_CTS_RTS2" />
    <symbolicName propertyId="p805.symbolic_name" value="CAM_E23" />
    <symbolicName propertyId="p806.symbolic_name" value="CAM_E34" />
    <symbolicName propertyId="p809.symbolic_name" value="PMOD2_P10" />
    <symbolicName propertyId="p905.symbolic_name" value="Arduino_D4" />
    <pincfg active="true" name="RA8E1 FPB" selected="true" symbol="g_bsp_pin_cfg">
      <configSetting altId="ceu.mode.custom.b" configurationId="ceu.mode" />
      <configSetting altId="ceu.pairing.b" configurationId="ceu.pairing" />
      <configSetting altId="ceu.vio_clk.p708" configurationId="ceu.vio_clk" />
      <configSetting altId="ceu.vio_d0.p400" configurationId="ceu.vio_d0" />
      <configSetting altId="ceu.vio_d1.p401" configurationId="ceu.vio_d1" />
      <configSetting altId="ceu.vio_d2.p405" configurationId="ceu.vio_d2" />
      <configSetting altId="ceu.vio_d3.p406" configurationId="ceu.vio_d3" />
      <configSetting altId="ceu.vio_d4.p700" configurationId="ceu.vio_d4" />
      <configSetting altId="ceu.vio_d5.p701" configurationId="ceu.vio_d5" />
      <configSetting altId="ceu.vio_d6.p702" configurationId="ceu.vio_d6" />
      <configSetting altId="ceu.vio_d7.p703" configurationId="ceu.vio_d7" />
      <configSetting altId="ceu.vio_hd.p709" configurationId="ceu.vio_hd" />
      <configSetting altId="ceu.vio_vd.p710" configurationId="ceu.vio_vd" />
      <configSetting altId="irq11.irq11_dash_ds.p006" configurationId="irq11.irq11_dash_ds" />
      <configSetting altId="irq11.mode.custom.free" configurationId="irq11.mode" />
      <configSetting altId="irq13.irq13_dash_ds.p009" configurationId="irq13.irq13_dash_ds" />
      <configSetting altId="irq13.mode.custom.free" configurationId="irq13.mode" />
      <configSetting altId="irq14.irq14.p010" configurationId="irq14.irq14" />
      <configSetting altId="irq14.mode.custom.free" configurationId="irq14.mode" />
      <configSetting altId="jtag_fslash_swd.mode.jtag.free" configurationId="jtag_fslash_swd.mode" />
      <configSetting altId="jtag_fslash_swd.tck.p211" configurationId="jtag_fslash_swd.tck" />
      <configSetting altId="jtag_fslash_swd.tdi.p208" configurationId="jtag_fslash_swd.tdi" />
      <configSetting altId="jtag_fslash_swd.tdo.p209" configurationId="jtag_fslash_swd.tdo" />
      <configSetting altId="jtag_fslash_swd.tms.p210" configurationId="jtag_fslash_swd.tms" />
      <configSetting altId="p001.input" configurationId="p001" />
      <configSetting altId="p001.gpio_mode.gpio_mode_in" configurationId="p001.gpio_mode" />
      <configSetting altId="p003.input" configurationId="p003" />
      <configSetting altId="p003.gpio_mode.gpio_mode_in" configurationId="p003.gpio_mode" />
      <configSetting altId="p004.input" configurationId="p004" />
      <configSetting altId="p004.gpio_mode.gpio_mode_in" configurationId="p004.gpio_mode" />
      <configSetting altId="p006.irq11.irq11_dash_ds" configurationId="p006" />
      <configSetting altId="p006.gpio_irq.gpio_irq_enabled" configurationId="p006.gpio_irq" />
      <configSetting altId="p006.gpio_mode.gpio_mode_irq" configurationId="p006.gpio_mode" />
      <configSetting altId="p007.input" configurationId="p007" />
      <configSetting altId="p007.gpio_mode.gpio_mode_in" configurationId="p007.gpio_mode" />
      <configSetting altId="p009.irq13.irq13_dash_ds" configurationId="p009" />
      <configSetting altId="p009.gpio_irq.gpio_irq_enabled" configurationId="p009.gpio_irq" />
      <configSetting altId="p009.gpio_mode.gpio_mode_irq" configurationId="p009.gpio_mode" />
      <configSetting altId="p010.irq14.irq14" configurationId="p010" />
      <configSetting altId="p010.gpio_irq.gpio_irq_enabled" configurationId="p010.gpio_irq" />
      <configSetting altId="p010.gpio_mode.gpio_mode_irq" configurationId="p010.gpio_mode" />
      <configSetting altId="p014.input" configurationId="p014" />
      <configSetting altId="p014.gpio_mode.gpio_mode_in" configurationId="p014.gpio_mode" />
      <configSetting altId="p015.input" configurationId="p015" />
      <configSetting altId="p015.gpio_mode.gpio_mode_in" configurationId="p015.gpio_mode" />
      <configSetting altId="p101.sci9.rxd9" configurationId="p101" />
      <configSetting altId="p101.gpio_mode.gpio_mode_peripheral" configurationId="p101.gpio_mode" />
      <configSetting altId="p102.sci9.txd9" configurationId="p102" />
      <configSetting altId="p102.gpio_mode.gpio_mode_peripheral" configurationId="p102.gpio_mode" />
      <configSetting altId="p105.input" configurationId="p105" />
      <configSetting altId="p105.gpio_mode.gpio_mode_in" configurationId="p105.gpio_mode" />
      <configSetting altId="p106.input" configurationId="p106" />
      <configSetting altId="p106.gpio_mode.gpio_mode_in" configurationId="p106.gpio_mode" />
      <configSetting altId="p107.output.low" configurationId="p107" />
      <configSetting altId="p107.gpio_mode.gpio_mode_out.low" configurationId="p107.gpio_mode" />
      <configSetting altId="p112.input" configurationId="p112" />
      <configSetting altId="p112.gpio_mode.gpio_mode_in" configurationId="p112.gpio_mode" />
      <configSetting altId="p113.input" configurationId="p113" />
      <configSetting altId="p113.gpio_mode.gpio_mode_in" configurationId="p113.gpio_mode" />
      <configSetting altId="p114.input" configurationId="p114" />
      <configSetting altId="p114.gpio_mode.gpio_mode_in" configurationId="p114.gpio_mode" />
      <configSetting altId="p203.input" configurationId="p203" />
      <configSetting altId="p203.gpio_mode.gpio_mode_in" configurationId="p203.gpio_mode" />
      <configSetting altId="p204.input" configurationId="p204" />
      <configSetting altId="p204.gpio_mode.gpio_mode_in" configurationId="p204.gpio_mode" />
      <configSetting altId="p208.jtag_fslash_swd.tdi" configurationId="p208" />
      <configSetting altId="p208.gpio_mode.gpio_mode_peripheral" configurationId="p208.gpio_mode" />
      <configSetting altId="p209.jtag_fslash_swd.tdo" configurationId="p209" />
      <configSetting altId="p209.gpio_mode.gpio_mode_peripheral" configurationId="p209.gpio_mode" />
      <configSetting altId="p210.jtag_fslash_swd.tms" configurationId="p210" />
      <configSetting altId="p210.gpio_mode.gpio_mode_peripheral" configurationId="p210.gpio_mode" />
      <configSetting altId="p211.jtag_fslash_swd.tck" configurationId="p211" />
      <configSetting altId="p211.gpio_mode.gpio_mode_peripheral" configurationId="p211.gpio_mode" />
      <configSetting altId="p300.input" configurationId="p300" />
      <configSetting altId="p300.gpio_mode.gpio_mode_in" configurationId="p300.gpio_mode" />
      <configSetting altId="p302.input" configurationId="p302" />
      <configSetting altId="p302.gpio_mode.gpio_mode_in" configurationId="p302.gpio_mode" />
      <configSetting altId="p303.input" configurationId="p303" />
      <configSetting altId="p303.gpio_mode.gpio_mode_in" configurationId="p303.gpio_mode" />
      <configSetting altId="p309.input" configurationId="p309" />
      <configSetting altId="p309.gpio_mode.gpio_mode_in" configurationId="p309.gpio_mode" />
      <configSetting altId="p310.input" configurationId="p310" />
      <configSetting altId="p310.gpio_mode.gpio_mode_in" configurationId="p310.gpio_mode" />
      <configSetting altId="p311.input" configurationId="p311" />
      <configSetting altId="p311.gpio_mode.gpio_mode_in" configurationId="p311.gpio_mode" />
      <configSetting altId="p400.ceu.vio_d0" configurationId="p400" />
      <configSetting altId="p400.gpio_mode.gpio_mode_peripheral" configurationId="p400.gpio_mode" />
      <configSetting altId="p401.ceu.vio_d1" configurationId="p401" />
      <configSetting altId="p401.gpio_mode.gpio_mode_peripheral" configurationId="p401.gpio_mode" />
      <configSetting altId="p404.output.low" configurationId="p404" />
      <configSetting altId="p404.gpio_mode.gpio_mode_out.low" configurationId="p404.gpio_mode" />
      <configSetting altId="p405.ceu.vio_d2" configurationId="p405" />
      <configSetting altId="p405.gpio_mode.gpio_mode_peripheral" configurationId="p405.gpio_mode" />
      <configSetting altId="p406.ceu.vio_d3" configurationId="p406" />
      <configSetting altId="p406.gpio_mode.gpio_mode_peripheral" configurationId="p406.gpio_mode" />
      <configSetting altId="p408.output.low" configurationId="p408" />
      <configSetting altId="p408.gpio_mode.gpio_mode_out.low" configurationId="p408.gpio_mode" />
      <configSetting altId="p604.input" configurationId="p604" />
      <configSetting altId="p604.gpio_mode.gpio_mode_in" configurationId="p604.gpio_mode" />
      <configSetting altId="p605.input" configurationId="p605" />
      <configSetting altId="p605.gpio_mode.gpio_mode_in" configurationId="p605.gpio_mode" />
      <configSetting altId="p609.input" configurationId="p609" />
      <configSetting altId="p609.gpio_mode.gpio_mode_in" configurationId="p609.gpio_mode" />
      <configSetting altId="p610.input" configurationId="p610" />
      <configSetting altId="p610.gpio_mode.gpio_mode_in" configurationId="p610.gpio_mode" />
      <configSetting altId="p611.input" configurationId="p611" />
      <configSetting altId="p611.gpio_mode.gpio_mode_in" configurationId="p611.gpio_mode" />
      <configSetting altId="p612.input" configurationId="p612" />
      <configSetting altId="p612.gpio_mode.gpio_mode_in" configurationId="p612.gpio_mode" />
      <configSetting altId="p614.input" configurationId="p614" />
      <configSetting altId="p614.gpio_mode.gpio_mode_in" configurationId="p614.gpio_mode" />
      <configSetting altId="p700.ceu.vio_d4" configurationId="p700" />
      <configSetting altId="p700.gpio_mode.gpio_mode_peripheral" configurationId="p700.gpio_mode" />
      <configSetting altId="p701.ceu.vio_d5" configurationId="p701" />
      <configSetting altId="p701.gpio_mode.gpio_mode_peripheral" configurationId="p701.gpio_mode" />
      <configSetting altId="p702.ceu.vio_d6" configurationId="p702" />
      <configSetting altId="p702.gpio_mode.gpio_mode_peripheral" configurationId="p702.gpio_mode" />
      <configSetting altId="p703.ceu.vio_d7" configurationId="p703" />
      <configSetting altId="p703.gpio_mode.gpio_mode_peripheral" configurationId="p703.gpio_mode" />
      <configSetting altId="p708.ceu.vio_clk" configurationId="p708" />
      <configSetting altId="p708.gpio_mode.gpio_mode_peripheral" configurationId="p708.gpio_mode" />
      <configSetting altId="p709.ceu.vio_hd" configurationId="p709" />
      <configSetting altId="p709.gpio_mode.gpio_mode_peripheral" configurationId="p709.gpio_mode" />
      <configSetting altId="p710.ceu.vio_vd" configurationId="p710" />
      <configSetting altId="p710.gpio_mode.gpio_mode_peripheral" configurationId="p710.gpio_mode" />
      <configSetting altId="p801.input" configurationId="p801" />
      <configSetting altId="p801.gpio_mode.gpio_mode_in" configurationId="p801.gpio_mode" />
      <configSetting altId="p802.input" configurationId="p802" />
      <configSetting altId="p802.gpio_mode.gpio_mode_in" configurationId="p802.gpio_mode" />
      <configSetting altId="p803.input" configurationId="p803" />
      <configSetting altId="p803.gpio_mode.gpio_mode_in" configurationId="p803.gpio_mode" />
      <configSetting altId="p804.input" configurationId="p804" />
      <configSetting altId="p804.gpio_mode.gpio_mode_in" configurationId="p804.gpio_mode" />
      <configSetting altId="p809.input" configurationId="p809" />
      <configSetting altId="p809.gpio_mode.gpio_mode_in" configurationId="p809.gpio_mode" />
      <configSetting altId="sci9.mode.asynchronousuart.free" configurationId="sci9.mode" />
      <configSetting altId="sci9.rxd9.p101" configurationId="sci9.rxd9" />
      <configSetting altId="sci9.txd9.p102" configurationId="sci9.txd9" />
    </pincfg>
    <pincfg active="false" name="R7FA8E1AFDCFB.pincfg" selected="false" symbol="">
      <configSetting altId="jtag_fslash_swd.mode.jtag.free" configurationId="jtag_fslash_swd.mode" />
      <configSetting altId="jtag_fslash_swd.tck.p211" configurationId="jtag_fslash_swd.tck" />
      <configSetting altId="jtag_fslash_swd.tdi.p208" configurationId="jtag_fslash_swd.tdi" />
      <configSetting altId="jtag_fslash_swd.tdo.p209" configurationId="jtag_fslash_swd.tdo" />
      <configSetting altId="jtag_fslash_swd.tms.p210" configurationId="jtag_fslash_swd.tms" />
      <configSetting altId="p208.jtag_fslash_swd.tdi" configurationId="p208" />
      <configSetting altId="p208.gpio_mode.gpio_mode_peripheral" configurationId="p208.gpio_mode" />
      <configSetting altId="p209.jtag_fslash_swd.tdo" configurationId="p209" />
      <configSetting altId="p209.gpio_mode.gpio_mode_peripheral" configurationId="p209.gpio_mode" />
      <configSetting altId="p210.jtag_fslash_swd.tms" configurationId="p210" />
      <configSetting altId="p210.gpio_mode.gpio_mode_peripheral" configurationId="p210.gpio_mode" />
      <configSetting altId="p211.jtag_fslash_swd.tck" configurationId="p211" />
      <configSetting altId="p211.gpio_mode.gpio_mode_peripheral" configurationId="p211.gpio_mode" />
    </pincfg>
  </raPinConfiguration>
</raConfiguration>